Email,Position,Partylist
dianamiller@gmail.com,President,
darrellsaunders@gmail.com,President,Pink Pony Club
audreyjenkins@gmail.com,President,The Greys
johnnydrake@gmail.com,Vice President,Pink Pony Club
chelseawashington@gmail.com,Vice President,The Greys
jennifercruz@gmail.com,Secretary,
markbenton@gmail.com,Secretary,Pink Pony Club
whitneyshepard@gmail.com,Secretary,The Greys
brandonjuarez@gmail.com,Treasurer,
suzanneeaton@gmail.com,Treasurer,Pink Pony Club
tommymoore@gmail.com,Treasurer,The Greys
ericshah@gmail.com,Treasurer,
adrianatkins@gmail.com,Auditor,Pink Pony Club
alexisreed@gmail.com,Auditor,The Greys
gregorycollier@gmail.com,Representatives,Pink Pony Club
christopherdillon@gmail.com,Representatives,The Greys
audreyboyle@gmail.com,Representatives,Pink Pony Club
kennethwebb@gmail.com,Representatives,The Greys
nicolecastro@gmail.com,Representatives,Pink Pony Club
aprilfox@gmail.com,Representatives,The Greys
kellyjohnson@gmail.com,Representatives,
frederickharris@gmail.com,Representatives,
meganfisher@gmail.com,Representatives,
